id,first_name,last_name,email,gender,ip_address
1,Reider,Babe,rbabe0@tamu.edu,Male,211.139.241.152
2,Mollie,Domenicone,mdomenicone1@sakura.ne.jp,Female,16.144.206.70
3,Jacklin,MacKilroe,jmackilroe2@newsvine.com,Female,116.197.162.191
4,Allix,Pawlett,apawlett3@1und1.de,Female,111.178.196.145
5,Karena,Casarino,kcasarino4@hp.com,Female,86.1.97.163
6,Luisa,Streather,lstreather5@g.co,Female,158.77.22.20
7,Gusta,L' Estrange,glestrange6@alexa.com,Female,119.75.114.235
8,Edlin,Skunes,eskunes7@pen.io,Male,94.62.97.103
9,Thaddeus,Dupree,tdupree8@surveymonkey.com,Male,166.210.33.139
10,Callie,Bucknell,cbucknell9@ucsd.edu,Female,104.209.73.7
